﻿Data Source,World Development Indicators,,,,,,,,,,,,,,,,,,,,,,,,,,,,,,,,,,,,,,,,,,,,,,,,,,,,,,,,,,,,,,,,
,,,,,,,,,,,,,,,,,,,,,,,,,,,,,,,,,,,,,,,,,,,,,,,,,,,,,,,,,,,,,,,,,
Last Updated Date,01-03-2023,,,,,,,,,,,,,,,,,,,,,,,,,,,,,,,,,,,,,,,,,,,,,,,,,,,,,,,,,,,,,,,,
,,,,,,,,,,,,,,,,,,,,,,,,,,,,,,,,,,,,,,,,,,,,,,,,,,,,,,,,,,,,,,,,,
Country Name,Country Code,Indicator Name,Indicator Code,1960,1961,1962,1963,1964,1965,1966,1967,1968,1969,1970,1971,1972,1973,1974,1975,1976,1977,1978,1979,1980,1981,1982,1983,1984,1985,1986,1987,1988,1989,1990,1991,1992,1993,1994,1995,1996,1997,1998,1999,2000,2001,2002,2003,2004,2005,2006,2007,2008,2009,2010,2011,2012,2013,2014,2015,2016,2017,2018,2019,2020,2021
Aruba,ABW,Poverty headcount ratio at $2.15 a day (2017 PPP) (% of population),SI.POV.DDAY,,,,,,,,,,,,,,,,,,,,,,,,,,,,,,,,,,,,,,,,,,,,,,,,,,,,,,,,,,,,,,
Africa Eastern and Southern,AFE,Poverty headcount ratio at $2.15 a day (2017 PPP) (% of population),SI.POV.DDAY,,,,,,,,,,,,,,,,,,,,,,,,,,,,,,,,,,,,,,,,,,,,,,,,,,,,,,,,,,,,,,
Afghanistan,AFG,Poverty headcount ratio at $2.15 a day (2017 PPP) (% of population),SI.POV.DDAY,,,,,,,,,,,,,,,,,,,,,,,,,,,,,,,,,,,,,,,,,,,,,,,,,,,,,,,,,,,,,,
Africa Western and Central,AFW,Poverty headcount ratio at $2.15 a day (2017 PPP) (% of population),SI.POV.DDAY,,,,,,,,,,,,,,,,,,,,,,,,,,,,,,,,,,,,,,,,,,,,,,,,,,,,,,,,,,,,,,
Angola,AGO,Poverty headcount ratio at $2.15 a day (2017 PPP) (% of population),SI.POV.DDAY,,,,,,,,,,,,,,,,,,,,,,,,,,,,,,,,,,,,,,,,,21.4,,,,,,,,14.6,,,,,,,,,,31.1,,,
Albania,ALB,Poverty headcount ratio at $2.15 a day (2017 PPP) (% of population),SI.POV.DDAY,,,,,,,,,,,,,,,,,,,,,,,,,,,,,,,,,,,,,0.5,,,,,,1.1,,,0.6,,,0.2,,,,0.6,,1,0.1,0.1,0.4,0,0,0,
Andorra,AND,Poverty headcount ratio at $2.15 a day (2017 PPP) (% of population),SI.POV.DDAY,,,,,,,,,,,,,,,,,,,,,,,,,,,,,,,,,,,,,,,,,,,,,,,,,,,,,,,,,,,,,,
Arab World,ARB,Poverty headcount ratio at $2.15 a day (2017 PPP) (% of population),SI.POV.DDAY,,,,,,,,,,,,,,,,,,,,,,,,,,,,,,,,,,,,,,,,,,,,,,,,,,,,,,,,,,,,,,
United Arab Emirates,ARE,Poverty headcount ratio at $2.15 a day (2017 PPP) (% of population),SI.POV.DDAY,,,,,,,,,,,,,,,,,,,,,,,,,,,,,,,,,,,,,,,,,,,,,,,,,,,,,,0,,,,,0,,,
Argentina,ARG,Poverty headcount ratio at $2.15 a day (2017 PPP) (% of population),SI.POV.DDAY,,,,,,,,,,,,,,,,,,,,,0.3,,,,,,1.1,1.2,,,,1,1.7,2,1.9,3.9,4.2,3.8,4,4.2,5,8.2,12.4,5.3,3.8,2.6,2.1,1.7,1.6,1.5,0.7,0.7,0.6,0.6,0.6,,0.7,0.4,0.8,0.8,1.1,1
Armenia,ARM,Poverty headcount ratio at $2.15 a day (2017 PPP) (% of population),SI.POV.DDAY,,,,,,,,,,,,,,,,,,,,,,,,,,,,,,,,,,,,,,,,11.9,,14,10,7.5,5.3,2.6,2,1.5,0.9,1.2,1,1.2,0.8,1.7,1.4,1.1,1.1,0.8,1.3,1,0.4,0.5
American Samoa,ASM,Poverty headcount ratio at $2.15 a day (2017 PPP) (% of population),SI.POV.DDAY,,,,,,,,,,,,,,,,,,,,,,,,,,,,,,,,,,,,,,,,,,,,,,,,,,,,,,,,,,,,,,
Antigua and Barbuda,ATG,Poverty headcount ratio at $2.15 a day (2017 PPP) (% of population),SI.POV.DDAY,,,,,,,,,,,,,,,,,,,,,,,,,,,,,,,,,,,,,,,,,,,,,,,,,,,,,,,,,,,,,,
Australia,AUS,Poverty headcount ratio at $2.15 a day (2017 PPP) (% of population),SI.POV.DDAY,,,,,,,,,,,,,,,,,,,,,,1,,,,1,,,,0.7,,,,,,0.7,,,,,,0.7,,1,0.7,,,,0.4,,0.3,,,,0.5,,0.5,,0.5,,,
Austria,AUT,Poverty headcount ratio at $2.15 a day (2017 PPP) (% of population),SI.POV.DDAY,,,,,,,,,,,,,,,,,,,,,,,,,,,,,,,,,,,0.2,0,0,0.2,0.2,0.2,0,,,0.3,0.1,0.2,0.1,0.4,0.5,0.7,0.5,0.4,0.6,0.3,0.2,0.7,0.7,0.3,0.6,0.6,0.7,
Azerbaijan,AZE,Poverty headcount ratio at $2.15 a day (2017 PPP) (% of population),SI.POV.DDAY,,,,,,,,,,,,,,,,,,,,,,,,,,,,,,,,,,,,12.4,,,,,,6.2,0.1,0.1,0,0,,,,,,,,,,,,,,,,
Burundi,BDI,Poverty headcount ratio at $2.15 a day (2017 PPP) (% of population),SI.POV.DDAY,,,,,,,,,,,,,,,,,,,,,,,,,,,,,,,,,75.1,,,,,,79.4,,,,,,,,71.8,,,,,,,65.1,,,,,,,,
Belgium,BEL,Poverty headcount ratio at $2.15 a day (2017 PPP) (% of population),SI.POV.DDAY,,,,,,,,,,,,,,,,,,,,,,,,,,0.2,,,0.5,,,,1,,,0.4,,0.5,,,0.3,,,0.3,0.1,0.2,0.2,0.2,0.1,0.1,0.1,0.2,0.2,0.1,0.1,0.1,0.1,0.1,0.1,0.1,0.1,
Benin,BEN,Poverty headcount ratio at $2.15 a day (2017 PPP) (% of population),SI.POV.DDAY,,,,,,,,,,,,,,,,,,,,,,,,,,,,,,,,,,,,,,,,,,,,53.1,,,,,,,,54.3,,,,50.7,,,19.9,,,
Burkina Faso,BFA,Poverty headcount ratio at $2.15 a day (2017 PPP) (% of population),SI.POV.DDAY,,,,,,,,,,,,,,,,,,,,,,,,,,,,,,,,,,,82.1,,,,79.9,,,,,54.7,,,,,,52.6,,,,,39.6,,,,30.5,,,
Bangladesh,BGD,Poverty headcount ratio at $2.15 a day (2017 PPP) (% of population),SI.POV.DDAY,,,,,,,,,,,,,,,,,,,,,,,,37.3,,32.7,,,41.7,,,41.9,,,,33.7,,,,,33.3,,,,,24,,,,,18.2,,,,,,13.5,,,,,
Bulgaria,BGR,Poverty headcount ratio at $2.15 a day (2017 PPP) (% of population),SI.POV.DDAY,,,,,,,,,,,,,,,,,,,,,,,,,,,,,,,,,,,,,,,,,,,,,,,5.8,1.8,1.3,1.3,2,2.5,2.3,1.8,1.7,3.4,2,1.4,0.9,0.9,0.2,
Bahrain,BHR,Poverty headcount ratio at $2.15 a day (2017 PPP) (% of population),SI.POV.DDAY,,,,,,,,,,,,,,,,,,,,,,,,,,,,,,,,,,,,,,,,,,,,,,,,,,,,,,,,,,,,,,
"Bahamas, The",BHS,Poverty headcount ratio at $2.15 a day (2017 PPP) (% of population),SI.POV.DDAY,,,,,,,,,,,,,,,,,,,,,,,,,,,,,,,,,,,,,,,,,,,,,,,,,,,,,,,,,,,,,,
Bosnia and Herzegovina,BIH,Poverty headcount ratio at $2.15 a day (2017 PPP) (% of population),SI.POV.DDAY,,,,,,,,,,,,,,,,,,,,,,,,,,,,,,,,,,,,,,,,,,0.3,,,0.2,,,0.1,,,,0.1,,,,,,,,,,
Belarus,BLR,Poverty headcount ratio at $2.15 a day (2017 PPP) (% of population),SI.POV.DDAY,,,,,,,,,,,,,,,,,,,,,,,,,,,,,,,,,,,,,,,21.8,19.2,13.6,6.6,4.4,3.5,1.3,0.9,0.4,0.2,0.2,0.1,0,0,0,0,0,0,0,0,0,0,0,
Belize,BLZ,Poverty headcount ratio at $2.15 a day (2017 PPP) (% of population),SI.POV.DDAY,,,,,,,,,,,,,,,,,,,,,,,,,,,,,,,,,,13.5,14.8,,18.2,20.9,20.7,19.6,,,,,,,,,,,,,,,,,,,,,,
Bermuda,BMU,Poverty headcount ratio at $2.15 a day (2017 PPP) (% of population),SI.POV.DDAY,,,,,,,,,,,,,,,,,,,,,,,,,,,,,,,,,,,,,,,,,,,,,,,,,,,,,,,,,,,,,,
Bolivia,BOL,Poverty headcount ratio at $2.15 a day (2017 PPP) (% of population),SI.POV.DDAY,,,,,,,,,,,,,,,,,,,,,,,,,,,,,,,,,,,,,,15.5,,21.9,24.2,19,19.7,,10.2,15.6,12.5,9.5,8.3,8.8,,5.3,6.5,5.2,4.3,4.6,5.6,4.9,3.3,1.9,3.1,2
Brazil,BRA,Poverty headcount ratio at $2.15 a day (2017 PPP) (% of population),SI.POV.DDAY,,,,,,,,,,,,,,,,,,,,,,23.9,24.4,30.6,29.9,25.8,12.3,19.9,22.4,20.4,24,,23.3,22.1,,14.7,16,16,14.3,15,,13,11.7,12.6,11.1,10,8.3,7.9,6.5,6.1,,5.3,4.5,3.7,3.3,3.9,4.7,5.3,5.3,5.4,1.9,5.8
Barbados,BRB,Poverty headcount ratio at $2.15 a day (2017 PPP) (% of population),SI.POV.DDAY,,,,,,,,,,,,,,,,,,,,,,,,,,,,,,,,,,,,,,,,,,,,,,,,,,,,,,,,,,,,,,
Brunei Darussalam,BRN,Poverty headcount ratio at $2.15 a day (2017 PPP) (% of population),SI.POV.DDAY,,,,,,,,,,,,,,,,,,,,,,,,,,,,,,,,,,,,,,,,,,,,,,,,,,,,,,,,,,,,,,
Bhutan,BTN,Poverty headcount ratio at $2.15 a day (2017 PPP) (% of population),SI.POV.DDAY,,,,,,,,,,,,,,,,,,,,,,,,,,,,,,,,,,,,,,,,,,,,13.4,,,,5.9,,,,,1.7,,,,,0.9,,,,
Botswana,BWA,Poverty headcount ratio at $2.15 a day (2017 PPP) (% of population),SI.POV.DDAY,,,,,,,,,,,,,,,,,,,,,,,,,,41.8,,,,,,,,34.1,,,,,,,,,29.1,,,,,,,17.7,,,,,,15.4,,,,,,
Central African Republic,CAF,Poverty headcount ratio at $2.15 a day (2017 PPP) (% of population),SI.POV.DDAY,,,,,,,,,,,,,,,,,,,,,,,,,,,,,,,,,82.2,,,,,,,,,,,,,,,,61.9,,,,,,,,,,,,,
Canada,CAN,Poverty headcount ratio at $2.15 a day (2017 PPP) (% of population),SI.POV.DDAY,,,,,,,,,,,,2.2,,,,1,,,,,,0.5,,,,,,0.2,,,,0.2,,,0.2,,0.2,0.2,0.5,0.5,0.2,0.2,0.2,0.2,0.2,0.2,0.2,0.2,0.2,0.2,0.2,0.2,0.2,0.5,0.2,0.2,0.2,0.2,0.2,,,
Central Europe and the Baltics,CEB,Poverty headcount ratio at $2.15 a day (2017 PPP) (% of population),SI.POV.DDAY,,,,,,,,,,,,,,,,,,,,,,,,,,,,,,,,,,,,,,,,,,,,,,,,,,,,,,,,,,,,,,
Switzerland,CHE,Poverty headcount ratio at $2.15 a day (2017 PPP) (% of population),SI.POV.DDAY,,,,,,,,,,,,,,,,,,,,,,,0.7,,,,,,,,,,0.5,,,,,,,,0,,0,,,,0,0,0.1,0,0,0,0,0,0,0,0,0,0,,,
Channel Islands,CHI,Poverty headcount ratio at $2.15 a day (2017 PPP) (% of population),SI.POV.DDAY,,,,,,,,,,,,,,,,,,,,,,,,,,,,,,,,,,,,,,,,,,,,,,,,,,,,,,,,,,,,,,
Chile,CHL,Poverty headcount ratio at $2.15 a day (2017 PPP) (% of population),SI.POV.DDAY,,,,,,,,,,,,,,,,,,,,,,,,,,,,15.4,,,10.7,,6.7,,6.8,,4.7,,4.6,,5.8,,,5.3,,,2.1,,,1.7,,0.9,,0.5,,0.4,,0.3,,,0.7,
China,CHN,Poverty headcount ratio at $2.15 a day (2017 PPP) (% of population),SI.POV.DDAY,,,,,,,,,,,,,,,,,,,,,,,,,,,,,,,72,,,62.7,,,48.1,,,46,,,36.5,,,22.1,,,18,,13.9,10.2,8.5,2.9,2.1,1.2,0.8,0.7,0.4,0.1,,
Cote d'Ivoire,CIV,Poverty headcount ratio at $2.15 a day (2017 PPP) (% of population),SI.POV.DDAY,,,,,,,,,,,,,,,,,,,,,,,,,,8.2,4.4,9.4,13.4,,,,27.1,,,25.9,,,30.4,,,,29.1,,,,,,34.4,,,,,,,33.4,,,11.4,,,
Cameroon,CMR,Poverty headcount ratio at $2.15 a day (2017 PPP) (% of population),SI.POV.DDAY,,,,,,,,,,,,,,,,,,,,,,,,,,,,,,,,,,,,,50.4,,,,,25.7,,,,,,31.4,,,,,,,25.7,,,,,,,
"Congo, Dem. Rep.",COD,Poverty headcount ratio at $2.15 a day (2017 PPP) (% of population),SI.POV.DDAY,,,,,,,,,,,,,,,,,,,,,,,,,,,,,,,,,,,,,,,,,,,,,91.5,,,,,,,,69.7,,,,,,,,,
"Congo, Rep.",COG,Poverty headcount ratio at $2.15 a day (2017 PPP) (% of population),SI.POV.DDAY,,,,,,,,,,,,,,,,,,,,,,,,,,,,,,,,,,,,,,,,,,,,,,49.6,,,,,,35.4,,,,,,,,,,
Colombia,COL,Poverty headcount ratio at $2.15 a day (2017 PPP) (% of population),SI.POV.DDAY,,,,,,,,,,,,,,,,,,,,,,,,,,,,,,,,,9.6,,,,17.6,,,21.4,17.5,21,14.2,13,12,10.7,,,11,9.6,8.3,6.8,6.7,6.1,5.4,4.9,4.9,4.3,4.5,5.3,9.4,6.6
Comoros,COM,Poverty headcount ratio at $2.15 a day (2017 PPP) (% of population),SI.POV.DDAY,,,,,,,,,,,,,,,,,,,,,,,,,,,,,,,,,,,,,,,,,,,,,14.6,,,,,,,,,,18.6,,,,,,,
Cabo Verde,CPV,Poverty headcount ratio at $2.15 a day (2017 PPP) (% of population),SI.POV.DDAY,,,,,,,,,,,,,,,,,,,,,,,,,,,,,,,,,,,,,,,,,,19.6,,,,,,10.6,,,,,,,,4.6,,,,,,
Costa Rica,CRI,Poverty headcount ratio at $2.15 a day (2017 PPP) (% of population),SI.POV.DDAY,,,,,,,,,,,,,,,,,,,,,,25.9,,,,,13.9,,,10.6,10.4,12.4,9.9,8.5,7,7.1,8.2,6.7,5.2,6.8,6.9,5.1,4.7,4.7,4.7,3.3,3.3,1.8,2.4,2.5,1.5,1.8,1.7,1.6,1.5,1.6,1.3,1.2,1.5,1.1,2.3,1.2
Caribbean small states,CSS,Poverty headcount ratio at $2.15 a day (2017 PPP) (% of population),SI.POV.DDAY,,,,,,,,,,,,,,,,,,,,,,,,,,,,,,,,,,,,,,,,,,,,,,,,,,,,,,,,,,,,,,
Cuba,CUB,Poverty headcount ratio at $2.15 a day (2017 PPP) (% of population),SI.POV.DDAY,,,,,,,,,,,,,,,,,,,,,,,,,,,,,,,,,,,,,,,,,,,,,,,,,,,,,,,,,,,,,,
Curacao,CUW,Poverty headcount ratio at $2.15 a day (2017 PPP) (% of population),SI.POV.DDAY,,,,,,,,,,,,,,,,,,,,,,,,,,,,,,,,,,,,,,,,,,,,,,,,,,,,,,,,,,,,,,
Cayman Islands,CYM,Poverty headcount ratio at $2.15 a day (2017 PPP) (% of population),SI.POV.DDAY,,,,,,,,,,,,,,,,,,,,,,,,,,,,,,,,,,,,,,,,,,,,,,,,,,,,,,,,,,,,,,
Cyprus,CYP,Poverty headcount ratio at $2.15 a day (2017 PPP) (% of population),SI.POV.DDAY,,,,,,,,,,,,,,,,,,,,,,,,,,,,,,,,,,,,,,,,,,,,,0.1,0,0,0,0,0.1,0,0,0,0.1,0.1,0,0,0,0,0.2,0,
Czechia,CZE,Poverty headcount ratio at $2.15 a day (2017 PPP) (% of population),SI.POV.DDAY,,,,,,,,,,,,,,,,,,,,,,,,,,,,,,,,,0,0,,,0,,,,,,0,,0,0,0.1,0.1,0,0,0,0,0,0,0,0,0,0,0,0,0,
Germany,DEU,Poverty headcount ratio at $2.15 a day (2017 PPP) (% of population),SI.POV.DDAY,,,,,,,,,,,,,,,,,,,,,,,,,,,,,,,,0,0,0,0.2,0.2,0,0,0,0,0,0,0,0,0,0,0,0,0,0,0,0,0,0,0,0,0,0.2,0,0,,
Djibouti,DJI,Poverty headcount ratio at $2.15 a day (2017 PPP) (% of population),SI.POV.DDAY,,,,,,,,,,,,,,,,,,,,,,,,,,,,,,,,,,,,,,,,,,,22.5,,,,,,,,,,19.7,24.9,,,,19.1,,,,
Dominica,DMA,Poverty headcount ratio at $2.15 a day (2017 PPP) (% of population),SI.POV.DDAY,,,,,,,,,,,,,,,,,,,,,,,,,,,,,,,,,,,,,,,,,,,,,,,,,,,,,,,,,,,,,,
Denmark,DNK,Poverty headcount ratio at $2.15 a day (2017 PPP) (% of population),SI.POV.DDAY,,,,,,,,,,,,,,,,,,,,,,,,,,,,0.5,,,,,0.5,,,0,,,,,0,,,0.3,0.3,0.3,0.1,0,0.1,0.5,0.1,0,0,0.3,0.2,0.2,0.3,0.1,0.2,0.3,0.2,
Dominican Republic,DOM,Poverty headcount ratio at $2.15 a day (2017 PPP) (% of population),SI.POV.DDAY,,,,,,,,,,,,,,,,,,,,,,,,,,,6.9,,,17.5,,,7.6,,,,6.5,6.9,,,6.7,5.1,7.6,8.7,11.6,7.4,6.3,6.1,5.4,4.7,3.9,4.1,3.8,3,3.4,2.5,2,1,0.8,0.8,1,0.9
Algeria,DZA,Poverty headcount ratio at $2.15 a day (2017 PPP) (% of population),SI.POV.DDAY,,,,,,,,,,,,,,,,,,,,,,,,,,,,,6.4,,,,,,,5.8,,,,,,,,,,,,,,,,0.5,,,,,,,,,,
East Asia & Pacific (excluding high income),EAP,Poverty headcount ratio at $2.15 a day (2017 PPP) (% of population),SI.POV.DDAY,,,,,,,,,,,,,,,,,,,,,,,,,,,,,,,,,,,,,,,,,,,,,,,,,,,,,,,,,,,,,,
Early-demographic dividend,EAR,Poverty headcount ratio at $2.15 a day (2017 PPP) (% of population),SI.POV.DDAY,,,,,,,,,,,,,,,,,,,,,,,,,,,,,,,,,,,,,,,,,,,,,,,,,,,,,,,,,,,,,,
East Asia & Pacific,EAS,Poverty headcount ratio at $2.15 a day (2017 PPP) (% of population),SI.POV.DDAY,,,,,,,,,,,,,,,,,,,,,,83.5,81.6,78.9,74.7,71.1,68.3,64.6,59.3,68.1,65.8,63.9,61.2,58.2,53.7,50,45.5,45.2,46.2,42.8,39.5,37.2,33.2,29.9,26.2,21.6,21,18.8,17.6,15.6,13.3,10.4,8.8,4.5,3.6,2.7,2.3,1.9,1.6,1.2,,
Europe & Central Asia (excluding high income),ECA,Poverty headcount ratio at $2.15 a day (2017 PPP) (% of population),SI.POV.DDAY,,,,,,,,,,,,,,,,,,,,,,,,,,,,,,,,,,,,,,,,,,,,,,,,,,,,,,,,,,,,,,
Europe & Central Asia,ECS,Poverty headcount ratio at $2.15 a day (2017 PPP) (% of population),SI.POV.DDAY,,,,,,,,,,,,,,,,,,,,,,,,,,,,,,,3.2,3.7,5.2,6.2,8.1,8.2,8.3,7.7,7.6,9.8,9.1,8.3,7.4,7.2,6.3,6.2,5.5,4.9,4.3,4.2,4.1,3.8,3.6,3.3,3.4,3.1,2.8,2.7,2.3,2.3,2.3,
Ecuador,ECU,Poverty headcount ratio at $2.15 a day (2017 PPP) (% of population),SI.POV.DDAY,,,,,,,,,,,,,,,,,,,,,,,,,,,,,,,,,,,17.3,,,,,21.8,28.4,,,14.9,15,11.8,8.2,8.5,7.5,7.3,5.7,4.7,4.5,3.2,2.6,3.4,3.6,3.2,3.3,3.6,6.5,3.6
"Egypt, Arab Rep.",EGY,Poverty headcount ratio at $2.15 a day (2017 PPP) (% of population),SI.POV.DDAY,,,,,,,,,,,,,,,,,,,,,,,,,,,,,,,5.3,,,,,3,,,,1.4,,,,,3.1,,,,2.9,,1,,0.9,,,0.9,,2.5,,1.5,,
Euro area,EMU,Poverty headcount ratio at $2.15 a day (2017 PPP) (% of population),SI.POV.DDAY,,,,,,,,,,,,,,,,,,,,,,,,,,,,,,,,,,,,,,,,,,,,,,,,,,,,,,,,,,,,,,
Eritrea,ERI,Poverty headcount ratio at $2.15 a day (2017 PPP) (% of population),SI.POV.DDAY,,,,,,,,,,,,,,,,,,,,,,,,,,,,,,,,,,,,,,,,,,,,,,,,,,,,,,,,,,,,,,
Spain,ESP,Poverty headcount ratio at $2.15 a day (2017 PPP) (% of population),SI.POV.DDAY,,,,,,,,,,,,,,,,,,,,,0.5,,,,,0.2,,,,,0.5,,,,,1.2,,,,,0.5,,,0.8,0.8,0.7,0.8,0.4,0.5,0.8,0.7,1.1,0.9,1.1,0.8,0.9,1.1,0.7,0.8,0.8,0.9,
Estonia,EST,Poverty headcount ratio at $2.15 a day (2017 PPP) (% of population),SI.POV.DDAY,,,,,,,,,,,,,,,,,,,,,,,,,,,,,,,,,,,,,,,,,,,,2.5,1.1,0.8,0.8,0.4,0.4,0.6,0.8,1,0.7,0.9,0.8,0.6,0.5,0.3,0.2,0.6,0.3,
Ethiopia,ETH,Poverty headcount ratio at $2.15 a day (2017 PPP) (% of population),SI.POV.DDAY,,,,,,,,,,,,,,,,,,,,,,,,,,,,,,,,,,,,69.2,,,,58,,,,,34.6,,,,,,30.8,,,,,27,,,,,,
European Union,EUU,Poverty headcount ratio at $2.15 a day (2017 PPP) (% of population),SI.POV.DDAY,,,,,,,,,,,,,,,,,,,,,,,,,,,,,,,,,,,,,,,,,,,,,,,,,,,,,,,,,,,,,,
Fragile and conflict affected situations,FCS,Poverty headcount ratio at $2.15 a day (2017 PPP) (% of population),SI.POV.DDAY,,,,,,,,,,,,,,,,,,,,,,,,,,,,,,,,,,50.7,51.9,52.2,51.4,50.8,50.4,50.5,,47,46.1,44.5,41.3,39.4,37.9,36.6,35.4,34.5,32.6,31.9,30.8,29.9,29,31.1,31.1,31.4,31.5,,,
Finland,FIN,Poverty headcount ratio at $2.15 a day (2017 PPP) (% of population),SI.POV.DDAY,,,,,,,,,,,,,,,,,,,,,,,,,,,,0,,,,0,,,,0,,,,,0,,,0,0,0.1,0.1,0.1,0.1,0.1,0.1,0,0.1,0.1,0.1,0.1,0,0.1,0.1,0,0,
Fiji,FJI,Poverty headcount ratio at $2.15 a day (2017 PPP) (% of population),SI.POV.DDAY,,,,,,,,,,,,,,,,,,,,,,,,,,,,,,,,,,,,,,,,,,,1.7,,,,,,1,,,,,0.4,,,,,,1.3,,
France,FRA,Poverty headcount ratio at $2.15 a day (2017 PPP) (% of population),SI.POV.DDAY,,,,,,,,,,,0,,,,,0.2,,,,0.2,,,,,0.5,,,,,,0.2,,,,,,0.2,0.2,0,0,0,0,0,0.2,0,0,0,0,0,0,0.1,0,0.1,0.1,0,0.1,0.1,0,0,0.1,0.1,
Faroe Islands,FRO,Poverty headcount ratio at $2.15 a day (2017 PPP) (% of population),SI.POV.DDAY,,,,,,,,,,,,,,,,,,,,,,,,,,,,,,,,,,,,,,,,,,,,,,,,,,,,,,,,,,,,,,
"Micronesia, Fed. Sts.",FSM,Poverty headcount ratio at $2.15 a day (2017 PPP) (% of population),SI.POV.DDAY,,,,,,,,,,,,,,,,,,,,,,,,,,,,,,,,,,,,,,,,,,,,,,8.6,,,,,,,,16,,,,,,,,
Gabon,GAB,Poverty headcount ratio at $2.15 a day (2017 PPP) (% of population),SI.POV.DDAY,,,,,,,,,,,,,,,,,,,,,,,,,,,,,,,,,,,,,,,,,,,,,,5.5,,,,,,,,,,,,2.5,,,,
United Kingdom,GBR,Poverty headcount ratio at $2.15 a day (2017 PPP) (% of population),SI.POV.DDAY,,,,,,,,,0.2,0.2,0,0,0.2,0,0.2,0.2,0,0.2,0,0,0,0,0,0,0,0.2,0.2,0,0,0.2,0,0,0.2,0.2,0.2,0.2,0.2,0.2,0.2,0.2,0.2,0.2,0.2,0.2,0.2,0.2,0.2,0.2,0.2,0.2,0.2,0.2,0.2,0.2,0.2,0.2,0.2,0.2,0.5,0.5,0.5,
Georgia,GEO,Poverty headcount ratio at $2.15 a day (2017 PPP) (% of population),SI.POV.DDAY,,,,,,,,,,,,,,,,,,,,,,,,,,,,,,,,,,,,,6.8,18.8,17,21.8,22.9,23,12.7,12.9,12.4,12.9,12.6,14.2,12.4,12.1,14.4,13.4,10.7,8.1,6.1,4.9,4.9,6.2,5.6,4.8,5.8,5.5
Ghana,GHA,Poverty headcount ratio at $2.15 a day (2017 PPP) (% of population),SI.POV.DDAY,,,,,,,,,,,,,,,,,,,,,,,,,,,,58.4,57.5,,,64.2,,,,,,,55,,,,,,,42.5,,,,,,,25.7,,,,25.2,,,,,
Gibraltar,GIB,Poverty headcount ratio at $2.15 a day (2017 PPP) (% of population),SI.POV.DDAY,,,,,,,,,,,,,,,,,,,,,,,,,,,,,,,,,,,,,,,,,,,,,,,,,,,,,,,,,,,,,,
Guinea,GIN,Poverty headcount ratio at $2.15 a day (2017 PPP) (% of population),SI.POV.DDAY,,,,,,,,,,,,,,,,,,,,,,,,,,,,,,,,87.9,,,40.8,,,,,,,,53.2,,,,,47.9,,,,,24.5,,,,,,13.8,,,
"Gambia, The",GMB,Poverty headcount ratio at $2.15 a day (2017 PPP) (% of population),SI.POV.DDAY,,,,,,,,,,,,,,,,,,,,,,,,,,,,,,,,,,,,,,,74.1,,,,,50.7,,,,,,,29.8,,,,,13.4,,,,,17.2,
Guinea-Bissau,GNB,Poverty headcount ratio at $2.15 a day (2017 PPP) (% of population),SI.POV.DDAY,,,,,,,,,,,,,,,,,,,,,,,,,,,,,,,,42.7,,42.2,,,,,,,,,53.2,,,,,,,,66.7,,,,,,,,21.7,,,
Equatorial Guinea,GNQ,Poverty headcount ratio at $2.15 a day (2017 PPP) (% of population),SI.POV.DDAY,,,,,,,,,,,,,,,,,,,,,,,,,,,,,,,,,,,,,,,,,,,,,,,,,,,,,,,,,,,,,,
Greece,GRC,Poverty headcount ratio at $2.15 a day (2017 PPP) (% of population),SI.POV.DDAY,,,,,,,,,,,,,,,,,,,,,,,,,,,,,,,,,,,,1.7,,,,,0.5,,,0.5,0.6,0.3,0.6,0.5,0.3,0.6,1,1.1,1.5,1,1.5,1.4,1,0.9,0.1,0.7,0.8,
Grenada,GRD,Poverty headcount ratio at $2.15 a day (2017 PPP) (% of population),SI.POV.DDAY,,,,,,,,,,,,,,,,,,,,,,,,,,,,,,,,,,,,,,,,,,,,,,,,,,,,,,,,,,,,,,
Greenland,GRL,Poverty headcount ratio at $2.15 a day (2017 PPP) (% of population),SI.POV.DDAY,,,,,,,,,,,,,,,,,,,,,,,,,,,,,,,,,,,,,,,,,,,,,,,,,,,,,,,,,,,,,,
Guatemala,GTM,Poverty headcount ratio at $2.15 a day (2017 PPP) (% of population),SI.POV.DDAY,,,,,,,,,,,,,,,,,,,,,,,,,,,49.7,,,37,,,,,,,,,14,,9.6,,,,,,11.7,,,,,,,,9.5,,,,,,,
Guam,GUM,Poverty headcount ratio at $2.15 a day (2017 PPP) (% of population),SI.POV.DDAY,,,,,,,,,,,,,,,,,,,,,,,,,,,,,,,,,,,,,,,,,,,,,,,,,,,,,,,,,,,,,,
Guyana,GUY,Poverty headcount ratio at $2.15 a day (2017 PPP) (% of population),SI.POV.DDAY,,,,,,,,,,,,,,,,,,,,,,,,,,,,,,,,,29.4,,,,,,11.9,,,,,,,,,,,,,,,,,,,,,,,
High income,HIC,Poverty headcount ratio at $2.15 a day (2017 PPP) (% of population),SI.POV.DDAY,,,,,,,,,,,,,,,,,,,,,,,0.8,0.8,0.7,0.7,0.7,0.7,0.6,0.6,0.6,0.6,0.6,0.8,0.9,0.7,0.8,0.7,0.6,0.7,0.7,0.7,0.6,0.7,0.6,0.6,0.6,0.5,0.5,0.5,0.5,0.5,0.6,0.6,0.8,0.8,0.6,0.7,0.6,0.6,0.4,0.6
"Hong Kong SAR, China",HKG,Poverty headcount ratio at $2.15 a day (2017 PPP) (% of population),SI.POV.DDAY,,,,,,,,,,,,,,,,,,,,,,,,,,,,,,,,,,,,,,,,,,,,,,,,,,,,,,,,,,,,,,
Honduras,HND,Poverty headcount ratio at $2.15 a day (2017 PPP) (% of population),SI.POV.DDAY,,,,,,,,,,,,,,,,,,,,,,,,,,,,,,40,42,30.8,27,21.4,24.3,26.2,28.6,19.6,24.5,24.9,,19.8,22,26.5,25.4,25.1,21.1,15.6,15.2,12.3,13.8,14.3,17,14.6,13.3,13,14.6,13.9,14.2,12.7,,
Heavily indebted poor countries (HIPC),HPC,Poverty headcount ratio at $2.15 a day (2017 PPP) (% of population),SI.POV.DDAY,,,,,,,,,,,,,,,,,,,,,,,,,,,,,,,,,,,,,,,,,,,,,,,,,,,,,,,,,,,,,,
Croatia,HRV,Poverty headcount ratio at $2.15 a day (2017 PPP) (% of population),SI.POV.DDAY,,,,,,,,,,,,,,,,,,,,,,,,,,,,,,,,,,,,,,,,,,,,,,,,,,0.9,1.2,0.6,0.8,0.7,1,0.6,0.6,0.5,0.4,0.3,0.3,
Haiti,HTI,Poverty headcount ratio at $2.15 a day (2017 PPP) (% of population),SI.POV.DDAY,,,,,,,,,,,,,,,,,,,,,,,,,,,,,,,,,,,,,,,,,,,,,,,,,,,,,29.2,,,,,,,,,
Hungary,HUN,Poverty headcount ratio at $2.15 a day (2017 PPP) (% of population),SI.POV.DDAY,,,,,,,,,,,,,,,,,,,,,,,,,,,,,,,,,,,,,,,,,,,,,0.1,0.7,0.1,0.1,0,0.1,0.1,0.1,0.3,0.2,0.7,0.6,1.3,0.6,0.2,0.3,0.4,
IBRD only,IBD,Poverty headcount ratio at $2.15 a day (2017 PPP) (% of population),SI.POV.DDAY,,,,,,,,,,,,,,,,,,,,,,,,,,,,,,,,,,,,,,,,,,,,,,,,,,,,,,,,,,,,,,
IDA & IBRD total,IBT,Poverty headcount ratio at $2.15 a day (2017 PPP) (% of population),SI.POV.DDAY,,,,,,,,,,,,,,,,,,,,,,,,,,,,,,,,,,,,,,,,,,,,,,,,,,,,,,,,,,,,,,
IDA total,IDA,Poverty headcount ratio at $2.15 a day (2017 PPP) (% of population),SI.POV.DDAY,,,,,,,,,,,,,,,,,,,,,,,,,,,,,,54.9,55.6,55.9,54.5,54.6,54.3,52.2,50.9,50.5,50.7,50.6,51,49.6,48.9,47,43.2,41,39.4,37.5,36,35,33,31.9,30.7,29.7,28.7,29.1,28.6,28,27.4,26.8,,
IDA blend,IDB,Poverty headcount ratio at $2.15 a day (2017 PPP) (% of population),SI.POV.DDAY,,,,,,,,,,,,,,,,,,,,,,,,,,,,,,,,,,,,,,,,,,,,,,,,,,,,,,,,,,,,,,
Indonesia,IDN,Poverty headcount ratio at $2.15 a day (2017 PPP) (% of population),SI.POV.DDAY,,,,,,,,,,,,,,,,,,,,,,,,,74.2,,,74.3,,,62.8,,,62.1,,,51.3,,69.1,46,43.6,39.9,26.8,26.4,27,24.6,30.6,25.2,24.7,21,18.3,15.7,13.7,11.2,9.3,8.3,7.5,6.6,5.4,4.4,3.8,3.5
IDA only,IDX,Poverty headcount ratio at $2.15 a day (2017 PPP) (% of population),SI.POV.DDAY,,,,,,,,,,,,,,,,,,,,,,,,,,,,,,,,,,,,,,,,,,,,,,,,,,,,,,,,,,,,,,
Isle of Man,IMN,Poverty headcount ratio at $2.15 a day (2017 PPP) (% of population),SI.POV.DDAY,,,,,,,,,,,,,,,,,,,,,,,,,,,,,,,,,,,,,,,,,,,,,,,,,,,,,,,,,,,,,,
India,IND,Poverty headcount ratio at $2.15 a day (2017 PPP) (% of population),SI.POV.DDAY,,,,,,,,,,,,,,,,,,63.1,,,,,,56.3,,,,50.6,,,,,,47.6,,,,,,,,,,,39.9,,,,,32.9,,22.5,,,,18.7,18.1,13.4,11.1,10,,
Not classified,INX,Poverty headcount ratio at $2.15 a day (2017 PPP) (% of population),SI.POV.DDAY,,,,,,,,,,,,,,,,,,,,,,,,,,,,,,,,,,,,,,,,,,,,,,,,,,,,,,,,,,,,,,
Ireland,IRL,Poverty headcount ratio at $2.15 a day (2017 PPP) (% of population),SI.POV.DDAY,,,,,,,,,,,,,,,,,,,,,,,,,,,,0.7,,,,,,,0.2,0.2,0.2,,,,0.2,,0.2,0.1,0.1,0,0.4,0.1,0.2,0.5,0.5,0.5,0.3,0.7,0.4,0.4,0.1,0.2,0,0.1,0.1,
"Iran, Islamic Rep.",IRN,Poverty headcount ratio at $2.15 a day (2017 PPP) (% of population),SI.POV.DDAY,,,,,,,,,,,,,,,,,,,,,,,,,,,9.1,,,,8.4,,,,4.5,,,,4.5,,,,,,,1,0.8,,,1.5,,,,0.3,0.8,0.7,0.7,0.6,0.9,1,,
Iraq,IRQ,Poverty headcount ratio at $2.15 a day (2017 PPP) (% of population),SI.POV.DDAY,,,,,,,,,,,,,,,,,,,,,,,,,,,,,,,,,,,,,,,,,,,,,,,0,,,,,,0.1,,,,,,,,,
Iceland,ISL,Poverty headcount ratio at $2.15 a day (2017 PPP) (% of population),SI.POV.DDAY,,,,,,,,,,,,,,,,,,,,,,,,,,,,,,,,,,,,,,,,,,,,0,0.2,0,0.1,0.1,0.1,0.1,0.1,0.1,0,0,0,0,0,0,,,,
Israel,ISR,Poverty headcount ratio at $2.15 a day (2017 PPP) (% of population),SI.POV.DDAY,,,,,,,,,,,,,,,,,,,,0,,,,,,,0.2,,,,,,0.2,,,,,0.2,,,,0.2,0.5,0.5,0.5,0.5,0.2,0.5,0.5,0.5,0.2,0.2,0.7,0.5,0.5,0.5,0.2,0.5,0.5,,,
Italy,ITA,Poverty headcount ratio at $2.15 a day (2017 PPP) (% of population),SI.POV.DDAY,,,,,,,,,,,,,,,,,,,,,,,,,,,0.2,1.2,,0,,0.2,,1.2,,0.7,,,1.7,,1.2,,,0.8,0.6,0.6,0.7,0.7,0.7,0.9,1.3,1.2,1.2,1.4,1.2,1.9,1.6,1.4,1.5,1,0.8,
Jamaica,JAM,Poverty headcount ratio at $2.15 a day (2017 PPP) (% of population),SI.POV.DDAY,,,,,,,,,,,,,,,,,,,,,,,,,,,,,4.6,,2.9,,,7.4,,,2.6,,,2.3,,,2.1,,1.2,,,,,,,,,,,,,,,,,
Jordan,JOR,Poverty headcount ratio at $2.15 a day (2017 PPP) (% of population),SI.POV.DDAY,,,,,,,,,,,,,,,,,,,,,,,,,,,0,,,,,,0.6,,,,,0.4,,,,,0.2,,,,0.1,,0,,0,,,,,,,,,,,
Japan,JPN,Poverty headcount ratio at $2.15 a day (2017 PPP) (% of population),SI.POV.DDAY,,,,,,,,,,,,,,,,,,,,,,,,,,,,,,,,,,,,,,,,,,,,,,,,,0.5,,0,,,0.7,,,,,,,,
Kazakhstan,KAZ,Poverty headcount ratio at $2.15 a day (2017 PPP) (% of population),SI.POV.DDAY,,,,,,,,,,,,,,,,,,,,,,,,,,,,,,,,,,,,,7.9,,,,,12.8,8.9,6.2,3.3,8.7,1,0.4,0.2,0.2,0.2,0.1,0,0,0,0,0.1,0,0,,,
Kenya,KEN,Poverty headcount ratio at $2.15 a day (2017 PPP) (% of population),SI.POV.DDAY,,,,,,,,,,,,,,,,,,,,,,,,,,,,,,,,,26.4,,25.9,,,25.4,,,,,,,,36.7,,,,,,,,,,29.4,,,,,,
Kyrgyz Republic,KGZ,Poverty headcount ratio at $2.15 a day (2017 PPP) (% of population),SI.POV.DDAY,,,,,,,,,,,,,,,,,,,,,,,,,,,,,,,,,,,,,,,,,38.2,33.4,31.1,25.7,11.6,13.6,8.4,8.8,3.3,1.5,3.5,1.3,2.6,2.6,1,2.2,1.1,1.3,0.7,0.7,1.3,
Cambodia,KHM,Poverty headcount ratio at $2.15 a day (2017 PPP) (% of population),SI.POV.DDAY,,,,,,,,,,,,,,,,,,,,,,,,,,,,,,,,,,,,,,,,,,,,,,,,,,,,,,,,,,,,,,
Kiribati,KIR,Poverty headcount ratio at $2.15 a day (2017 PPP) (% of population),SI.POV.DDAY,,,,,,,,,,,,,,,,,,,,,,,,,,,,,,,,,,,,,,,,,,,,,,,14,,,,,,,,,,,,,1.7,,
St. Kitts and Nevis,KNA,Poverty headcount ratio at $2.15 a day (2017 PPP) (% of population),SI.POV.DDAY,,,,,,,,,,,,,,,,,,,,,,,,,,,,,,,,,,,,,,,,,,,,,,,,,,,,,,,,,,,,,,
"Korea, Rep.",KOR,Poverty headcount ratio at $2.15 a day (2017 PPP) (% of population),SI.POV.DDAY,,,,,,,,,,,,,,,,,,,,,,,,,,,,,,,,,,,,,,,,,,,,,,,0.2,,0.2,,0.5,,0.2,,0.2,,0.2,,,,,
Kuwait,KWT,Poverty headcount ratio at $2.15 a day (2017 PPP) (% of population),SI.POV.DDAY,,,,,,,,,,,,,,,,,,,,,,,,,,,,,,,,,,,,,,,,,,,,,,,,,,,,,,,,,,,,,,
Latin America & Caribbean (excluding high income),LAC,Poverty headcount ratio at $2.15 a day (2017 PPP) (% of population),SI.POV.DDAY,,,,,,,,,,,,,,,,,,,,,,,,,,,,,,,,,,,,,,,,,,,,,,,,,,,,,,,,,,,,,,
Lao PDR,LAO,Poverty headcount ratio at $2.15 a day (2017 PPP) (% of population),SI.POV.DDAY,,,,,,,,,,,,,,,,,,,,,,,,,,,,,,,,,23.7,,,,,43.2,,,,,25.4,,,,,19.5,,,,,10.9,,,,,,7.1,,,
Lebanon,LBN,Poverty headcount ratio at $2.15 a day (2017 PPP) (% of population),SI.POV.DDAY,,,,,,,,,,,,,,,,,,,,,,,,,,,,,,,,,,,,,,,,,,,,,,,,,,,,0,,,,,,,,,,
Liberia,LBR,Poverty headcount ratio at $2.15 a day (2017 PPP) (% of population),SI.POV.DDAY,,,,,,,,,,,,,,,,,,,,,,,,,,,,,,,,,,,,,,,,,,,,,,,,53.3,,,,,,,25.9,,27.6,,,,,
Libya,LBY,Poverty headcount ratio at $2.15 a day (2017 PPP) (% of population),SI.POV.DDAY,,,,,,,,,,,,,,,,,,,,,,,,,,,,,,,,,,,,,,,,,,,,,,,,,,,,,,,,,,,,,,
St. Lucia,LCA,Poverty headcount ratio at $2.15 a day (2017 PPP) (% of population),SI.POV.DDAY,,,,,,,,,,,,,,,,,,,,,,,,,,,,,,,,,,,,38.1,,,,,,,,,,,,,,,,,,,,,5.1,,,,,
Latin America & Caribbean,LCN,Poverty headcount ratio at $2.15 a day (2017 PPP) (% of population),SI.POV.DDAY,,,,,,,,,,,,,,,,,,,,,,15.1,15.8,18.7,18.4,17.1,12.4,15.1,16.1,15.5,16.8,16.1,15.9,15.7,14.4,14.4,16.2,15.3,14.5,14.7,13.5,13.2,12.4,12.1,11,10.4,8.5,8.1,7.5,7.1,6.4,6,5.1,4.5,4.3,4.2,4.4,4.4,4.3,4.3,3.9,4.7
Least developed countries: UN classification,LDC,Poverty headcount ratio at $2.15 a day (2017 PPP) (% of population),SI.POV.DDAY,,,,,,,,,,,,,,,,,,,,,,,,,,,,,,,,,,,,,,,,,,,,,,,,,,,,,,,,,,,,,,
Low income,LIC,Poverty headcount ratio at $2.15 a day (2017 PPP) (% of population),SI.POV.DDAY,,,,,,,,,,,,,,,,,,,,,,,,,,,,,,,,,,,65.3,63.9,62.5,61.7,61.2,60.5,59.8,58.6,59.4,57.8,54.4,52.6,51.7,50.5,48.7,48.9,47.1,46,44.7,43.7,42.9,44.9,44.4,44.8,,,,
Liechtenstein,LIE,Poverty headcount ratio at $2.15 a day (2017 PPP) (% of population),SI.POV.DDAY,,,,,,,,,,,,,,,,,,,,,,,,,,,,,,,,,,,,,,,,,,,,,,,,,,,,,,,,,,,,,,
Sri Lanka,LKA,Poverty headcount ratio at $2.15 a day (2017 PPP) (% of population),SI.POV.DDAY,,,,,,,,,,,,,,,,,,,,,,,,,,16.9,,,,,11.6,,,,,11.8,,,,,,,11,,,,5.6,,,3.5,,,2.6,,,,1.3,,,1,,
Lower middle income,LMC,Poverty headcount ratio at $2.15 a day (2017 PPP) (% of population),SI.POV.DDAY,,,,,,,,,,,,,,,,,,,,,,51.6,51.4,50.3,49.2,48.5,48.1,47.8,46.8,46.4,45.2,44.7,43.8,43.4,42.7,41.2,39.8,39.7,40.6,38.4,,37.1,35.4,34.2,32.6,30.9,30.1,28.1,26.9,25.5,22.9,19.9,18.4,17.5,16.5,15.6,15,13,11.3,10.3,,
Low & middle income,LMY,Poverty headcount ratio at $2.15 a day (2017 PPP) (% of population),SI.POV.DDAY,,,,,,,,,,,,,,,,,,,,,,55.5,54.8,53.8,51.8,49.9,48.1,46.8,44.6,47.8,47.1,46.4,45.2,44.1,42.2,40.3,38.4,38,38.2,37,35.6,34.4,32.6,31,28.6,26.2,25.2,23.7,22.7,21.6,19.6,17.1,15.8,14,13.2,12.8,12.5,11.5,10.6,10,,
Lesotho,LSO,Poverty headcount ratio at $2.15 a day (2017 PPP) (% of population),SI.POV.DDAY,,,,,,,,,,,,,,,,,,,,,,,,,,,54.1,,,,,,,,53.7,,,,,,,,66.3,,,,,,,,,,,,,,,32.4,,,,
Late-demographic dividend,LTE,Poverty headcount ratio at $2.15 a day (2017 PPP) (% of population),SI.POV.DDAY,,,,,,,,,,,,,,,,,,,,,,,,,,,,,,,,,,,,,,,,,,,,,,,,,,,,,,,,,,,,,,
Lithuania,LTU,Poverty headcount ratio at $2.15 a day (2017 PPP) (% of population),SI.POV.DDAY,,,,,,,,,,,,,,,,,,,,,,,,,,,,,,,,,,,,,,,,,,,,,2.7,1.8,1.5,1.3,1.4,2.2,1.5,0.7,0.9,0.7,1.3,0.7,1.3,1,0.9,0.5,0.2,
Luxembourg,LUX,Poverty headcount ratio at $2.15 a day (2017 PPP) (% of population),SI.POV.DDAY,,,,,,,,,,,,,,,,,,,,,,,,,,0,,,,,,0,,,0,,,0,,,0,,,0.1,0,0,0,0,0,0,0,0.1,0,0.1,0.1,0.3,0.1,0.3,0.3,0.1,0,
Latvia,LVA,Poverty headcount ratio at $2.15 a day (2017 PPP) (% of population),SI.POV.DDAY,,,,,,,,,,,,,,,,,,,,,,,,,,,,,,,,,,,,,,,,,,,,,2.5,2.4,1.6,0.6,1.3,1.7,1.7,1,1.1,1.2,0.8,0.7,0.6,0.8,0.4,0.2,0.5,
"Macao SAR, China",MAC,Poverty headcount ratio at $2.15 a day (2017 PPP) (% of population),SI.POV.DDAY,,,,,,,,,,,,,,,,,,,,,,,,,,,,,,,,,,,,,,,,,,,,,,,,,,,,,,,,,,,,,,
St. Martin (French part),MAF,Poverty headcount ratio at $2.15 a day (2017 PPP) (% of population),SI.POV.DDAY,,,,,,,,,,,,,,,,,,,,,,,,,,,,,,,,,,,,,,,,,,,,,,,,,,,,,,,,,,,,,,
Morocco,MAR,Poverty headcount ratio at $2.15 a day (2017 PPP) (% of population),SI.POV.DDAY,,,,,,,,,,,,,,,,,,,,,,,,,13.2,,,,,,4.7,,,,,,,,8.4,,7.9,,,,,,4.2,,,,,,,1.4,,,,,,,,
Monaco,MCO,Poverty headcount ratio at $2.15 a day (2017 PPP) (% of population),SI.POV.DDAY,,,,,,,,,,,,,,,,,,,,,,,,,,,,,,,,,,,,,,,,,,,,,,,,,,,,,,,,,,,,,,
Moldova,MDA,Poverty headcount ratio at $2.15 a day (2017 PPP) (% of population),SI.POV.DDAY,,,,,,,,,,,,,,,,,,,,,,,,,,,,,,,,,,,,,,13,24,33.5,31.1,23.3,13.6,5.6,6.6,10.9,2,1,1,0.7,0.4,0.2,0.1,0,0,0,0.1,0,0,0,,0
Madagascar,MDG,Poverty headcount ratio at $2.15 a day (2017 PPP) (% of population),SI.POV.DDAY,,,,,,,,,,,,,,,,,,,,,48.7,,,,,,,,,,,,,73.3,,,,69.4,,66.9,,71,,,,74.2,,,,,80.2,,80.7,,,,,,,,,
Maldives,MDV,Poverty headcount ratio at $2.15 a day (2017 PPP) (% of population),SI.POV.DDAY,,,,,,,,,,,,,,,,,,,,,,,,,,,,,,,,,,,,,,,,,,,6.6,,,,,,,3.8,,,,,,,0,,,0,,
Middle East & North Africa,MEA,Poverty headcount ratio at $2.15 a day (2017 PPP) (% of population),SI.POV.DDAY,,,,,,,,,,,,,,,,,,,,,,,,,,7,7.3,7.6,7.5,7.2,6.3,6.9,5.7,5.2,4.9,5.2,4.8,4.6,4.1,4,3.5,3.5,,3.2,2.9,2.7,2.6,2.5,2.5,2.3,1.9,2.2,2.2,2.4,2.7,5.3,6,8,9.6,,,
Mexico,MEX,Poverty headcount ratio at $2.15 a day (2017 PPP) (% of population),SI.POV.DDAY,,,,,,,,,,,,,,,,,,,,,,,,,,,,,,9.1,,,7.4,,7.3,,18.1,,12.9,,8.9,,6.6,,6,6.5,4.2,,5.4,,4.5,,3.8,,3.7,,3.2,,2.6,,3.1,
Marshall Islands,MHL,Poverty headcount ratio at $2.15 a day (2017 PPP) (% of population),SI.POV.DDAY,,,,,,,,,,,,,,,,,,,,,,,,,,,,,,,,,,,,,,,,,,,,,,,,,,,,,,,,,,,,0.9,,
Middle income,MIC,Poverty headcount ratio at $2.15 a day (2017 PPP) (% of population),SI.POV.DDAY,,,,,,,,,,,,,,,,,,,,,,,,,,,,,,,,,,,,,,,,,,,,,,,,,,,,,,,,,,,,,,
North Macedonia,MKD,Poverty headcount ratio at $2.15 a day (2017 PPP) (% of population),SI.POV.DDAY,,,,,,,,,,,,,,,,,,,,,,,,,,,,,,,,,,,,,,,,,,,,,,,,,,9.8,10.4,9.1,6.9,5.2,4.5,5.5,4.2,4.5,3.4,2.7,,
Mali,MLI,Poverty headcount ratio at $2.15 a day (2017 PPP) (% of population),SI.POV.DDAY,,,,,,,,,,,,,,,,,,,,,,,,,,,,,,,,,,,84.5,,,,,,,57.2,,,,,49.7,,,48.2,,,,,,,,,14.8,,,
Malta,MLT,Poverty headcount ratio at $2.15 a day (2017 PPP) (% of population),SI.POV.DDAY,,,,,,,,,,,,,,,,,,,,,,,,,,,,,,,,,,,,,,,,,,,,,,,0.5,0.4,0.1,0.4,0.2,0.2,0.1,0,0,0.1,0.1,0.2,0.1,0.3,0.3,
Myanmar,MMR,Poverty headcount ratio at $2.15 a day (2017 PPP) (% of population),SI.POV.DDAY,,,,,,,,,,,,,,,,,,,,,,,,,,,,,,,,,,,,,,,,,,,,,,,,,,,,,,,,6.2,,2,,,,
Middle East & North Africa (excluding high income),MNA,Poverty headcount ratio at $2.15 a day (2017 PPP) (% of population),SI.POV.DDAY,,,,,,,,,,,,,,,,,,,,,,,,,,,,,,,,,,,,,,,,,,,,,,,,,,,,,,,,,,,,,,
Montenegro,MNE,Poverty headcount ratio at $2.15 a day (2017 PPP) (% of population),SI.POV.DDAY,,,,,,,,,,,,,,,,,,,,,,,,,,,,,,,,,,,,,,,,,,,,,,,,,,,,,3,3,1.6,1.3,2.5,3.3,2.8,,,
Mongolia,MNG,Poverty headcount ratio at $2.15 a day (2017 PPP) (% of population),SI.POV.DDAY,,,,,,,,,,,,,,,,,,,,,,,,,,,,,,,,,,,,14.9,,,28.4,,,,11.6,,,,,1.7,,,1.1,0.9,0.5,,0.3,,0.7,,0.7,,,
Northern Mariana Islands,MNP,Poverty headcount ratio at $2.15 a day (2017 PPP) (% of population),SI.POV.DDAY,,,,,,,,,,,,,,,,,,,,,,,,,,,,,,,,,,,,,,,,,,,,,,,,,,,,,,,,,,,,,,
Mozambique,MOZ,Poverty headcount ratio at $2.15 a day (2017 PPP) (% of population),SI.POV.DDAY,,,,,,,,,,,,,,,,,,,,,,,,,,,,,,,,,,,,,82.7,,,,,,80.6,,,,,,70.8,,,,,,64.6,,,,,,,
Mauritania,MRT,Poverty headcount ratio at $2.15 a day (2017 PPP) (% of population),SI.POV.DDAY,,,,,,,,,,,,,,,,,,,,,,,,,,,,41.4,,,,,,42.8,,21.8,,,,,21.5,,,,18.1,,,,11.8,,,,,,6.5,,,,,,,
Mauritius,MUS,Poverty headcount ratio at $2.15 a day (2017 PPP) (% of population),SI.POV.DDAY,,,,,,,,,,,,,,,,,,,,,,,,,,,,,,,,,,,,,,,,,,,,,,,0.3,,,,,,0.4,,,,,0.1,,,,
Malawi,MWI,Poverty headcount ratio at $2.15 a day (2017 PPP) (% of population),SI.POV.DDAY,,,,,,,,,,,,,,,,,,,,,,,,,,,,,,,,,,,,,,58.5,,,,,,,68.9,,,,,,68.4,,,,,,65.7,,,70.1,,
Malaysia,MYS,Poverty headcount ratio at $2.15 a day (2017 PPP) (% of population),SI.POV.DDAY,,,,,,,,,,,,,,,,,,,,,,,,,3.6,,,2.9,,2.2,,,2,,,2.5,,0.7,,,,,,1.6,,,0.8,,0.7,,,0.1,,0,,0,,,0,,,
North America,NAC,Poverty headcount ratio at $2.15 a day (2017 PPP) (% of population),SI.POV.DDAY,,,,,,,,,,,,,,,,,,,,,,,,,,,,,,,,,,,,,,,,,,,,,,,,,,,,,,,,,,,,,,
Namibia,NAM,Poverty headcount ratio at $2.15 a day (2017 PPP) (% of population),SI.POV.DDAY,,,,,,,,,,,,,,,,,,,,,,,,,,,,,,,,,,,,,,,,,,,,35.9,,,,,,26.9,,,,,,15.6,,,,,,
New Caledonia,NCL,Poverty headcount ratio at $2.15 a day (2017 PPP) (% of population),SI.POV.DDAY,,,,,,,,,,,,,,,,,,,,,,,,,,,,,,,,,,,,,,,,,,,,,,,,,,,,,,,,,,,,,,
Niger,NER,Poverty headcount ratio at $2.15 a day (2017 PPP) (% of population),SI.POV.DDAY,,,,,,,,,,,,,,,,,,,,,,,,,,,,,,,,,84.4,,85.5,,,,,,,,,,,80.5,,78.9,,,,60.6,,,53.6,,,,50.6,,,
Nigeria,NGA,Poverty headcount ratio at $2.15 a day (2017 PPP) (% of population),SI.POV.DDAY,,,,,,,,,,,,,,,,,,,,,,,,,,47.8,,,,,,,52.4,,,,58.4,,,,,,,47.9,,,,,,,34.9,,33.8,,,32.3,,,30.9,,,
Nicaragua,NIC,Poverty headcount ratio at $2.15 a day (2017 PPP) (% of population),SI.POV.DDAY,,,,,,,,,,,,,,,,,,,,,,,,,,,,,,,,,,38.3,,,,,25.8,,,17.8,,,,9.1,,,,8.3,,,,,3.9,,,,,,,
Netherlands,NLD,Poverty headcount ratio at $2.15 a day (2017 PPP) (% of population),SI.POV.DDAY,,,,,,,,,,,,,,,,,,,,,,,,0.5,,,,0.2,,,1,,,1.2,,,,,,0.2,,,,,0.2,0.1,0,0,0.1,0.1,0,0.1,0.1,0.1,0.1,0.1,0,0.2,0.1,0.1,0,
Norway,NOR,Poverty headcount ratio at $2.15 a day (2017 PPP) (% of population),SI.POV.DDAY,,,,,,,,,,,,,,,,,,,,0.2,,,,,,,0.2,,,,,0.5,,,,0.5,,,,,0.2,,,0.2,0.3,0.2,0.1,0.1,0.2,0.1,0.2,0.1,0.1,0.1,0.1,0.2,0.3,0.3,0.3,0.2,,
Nepal,NPL,Poverty headcount ratio at $2.15 a day (2017 PPP) (% of population),SI.POV.DDAY,,,,,,,,,,,,,,,,,,,,,,,,,,,,,,,,,,,,55.2,,,,,,,,40.3,,,,,,,8.2,,,,,,,,,,,
Nauru,NRU,Poverty headcount ratio at $2.15 a day (2017 PPP) (% of population),SI.POV.DDAY,,,,,,,,,,,,,,,,,,,,,,,,,,,,,,,,,,,,,,,,,,,,,,,,,,,,,1.7,,,,,,,,,
New Zealand,NZL,Poverty headcount ratio at $2.15 a day (2017 PPP) (% of population),SI.POV.DDAY,,,,,,,,,,,,,,,,,,,,,,,,,,,,,,,,,,,,,,,,,,,,,,,,,,,,,,,,,,,,,,
OECD members,OED,Poverty headcount ratio at $2.15 a day (2017 PPP) (% of population),SI.POV.DDAY,,,,,,,,,,,,,,,,,,,,,,,,,,,,,,,,,,,,,,,,,,,,,,,,,,,,,,,,,,,,,,
Oman,OMN,Poverty headcount ratio at $2.15 a day (2017 PPP) (% of population),SI.POV.DDAY,,,,,,,,,,,,,,,,,,,,,,,,,,,,,,,,,,,,,,,,,,,,,,,,,,,,,,,,,,,,,,
Other small states,OSS,Poverty headcount ratio at $2.15 a day (2017 PPP) (% of population),SI.POV.DDAY,,,,,,,,,,,,,,,,,,,,,,,,,,,,,,,,,,,,,,,,,,,,,,,,,,,,,,,,,,,,,,
Pakistan,PAK,Poverty headcount ratio at $2.15 a day (2017 PPP) (% of population),SI.POV.DDAY,,,,,,,,,,,,,,,,,,,,,,,,,,,,67.3,,,65.1,,,,,,22.3,,29.8,,,33.3,,,20.2,20.3,,14.9,,,9.4,9.6,,7.4,,5.1,,,4.9,,,
Panama,PAN,Poverty headcount ratio at $2.15 a day (2017 PPP) (% of population),SI.POV.DDAY,,,,,,,,,,,,,,,,,,,,6.2,,,,,,,,,,22.5,,20.1,,,,15.5,,14.2,14.5,12.3,11.1,14.1,9.6,9.9,8.8,8.6,9.4,6.7,4.1,2.5,3.4,2.5,3.5,2.2,2.9,1.5,1.5,2.1,1.4,1,,1.1
Peru,PER,Poverty headcount ratio at $2.15 a day (2017 PPP) (% of population),SI.POV.DDAY,,,,,,,,,,,,,,,,,,,,,,,,,,,,,,,,,,,,,,19.8,19.4,19.3,19.3,20.3,17.5,14.7,16.3,17.8,15.6,13.2,10.9,8.8,6.8,6.5,6.1,5.4,4.8,4.7,4.6,4.5,3.6,3,5.9,2.9
Philippines,PHL,Poverty headcount ratio at $2.15 a day (2017 PPP) (% of population),SI.POV.DDAY,,,,,,,,,,,,,,,,,,,,,,,,,,,,,,,,,,,,,,,,,14.5,,,13.6,,,14.9,,,11.3,,,10.9,,,6.5,,,3,,,3
Palau,PLW,Poverty headcount ratio at $2.15 a day (2017 PPP) (% of population),SI.POV.DDAY,,,,,,,,,,,,,,,,,,,,,,,,,,,,,,,,,,,,,,,,,,,,,,,,,,,,,,,,,,,,,,
Papua New Guinea,PNG,Poverty headcount ratio at $2.15 a day (2017 PPP) (% of population),SI.POV.DDAY,,,,,,,,,,,,,,,,,,,,,,,,,,,,,,,,,,,,,52.6,,,,,,,,,,,,,39.7,,,,,,,,,,,,
Poland,POL,Poverty headcount ratio at $2.15 a day (2017 PPP) (% of population),SI.POV.DDAY,,,,,,,,,,,,,,,,,,,,,,,,,,,,,,,,,,,,,,,,,,,,,2.2,0.9,0.7,0.5,0.2,0.4,0.3,0.3,0.2,0.4,0.4,0.4,0.2,0.3,0.2,0.1,,
Pre-demographic dividend,PRE,Poverty headcount ratio at $2.15 a day (2017 PPP) (% of population),SI.POV.DDAY,,,,,,,,,,,,,,,,,,,,,,,,,,,,,,,,,,,,,,,,,,,,,,,,,,,,,,,,,,,,,,
Puerto Rico,PRI,Poverty headcount ratio at $2.15 a day (2017 PPP) (% of population),SI.POV.DDAY,,,,,,,,,,,,,,,,,,,,,,,,,,,,,,,,,,,,,,,,,,,,,,,,,,,,,,,,,,,,,,
"Korea, Dem. People's Rep.",PRK,Poverty headcount ratio at $2.15 a day (2017 PPP) (% of population),SI.POV.DDAY,,,,,,,,,,,,,,,,,,,,,,,,,,,,,,,,,,,,,,,,,,,,,,,,,,,,,,,,,,,,,,
Portugal,PRT,Poverty headcount ratio at $2.15 a day (2017 PPP) (% of population),SI.POV.DDAY,,,,,,,,,,,,,,,,,,,,,,,,,,,,,,,,,,,,,,,,,,,,0.9,0.5,0.5,0.1,0.3,0.1,0.2,0.1,0.5,0.7,0.9,0.5,0.5,0.4,0.4,0.3,0.1,0.5,
Paraguay,PRY,Poverty headcount ratio at $2.15 a day (2017 PPP) (% of population),SI.POV.DDAY,,,,,,,,,,,,,,,,,,,,,,,,,,,,,,,1.2,,,,,12.4,,10.6,,10.2,,8.9,13.2,8.3,5.7,6.1,7.9,7.8,4.3,5.8,5.5,5,3.3,1.8,2.4,1.9,1.7,1,1.4,1,0.8,0.7
West Bank and Gaza,PSE,Poverty headcount ratio at $2.15 a day (2017 PPP) (% of population),SI.POV.DDAY,,,,,,,,,,,,,,,,,,,,,,,,,,,,,,,,,,,,,,,,,,,,,0.6,0.2,0.3,1.4,,0.3,0,0.2,,,,,0.5,,,,,
Pacific island small states,PSS,Poverty headcount ratio at $2.15 a day (2017 PPP) (% of population),SI.POV.DDAY,,,,,,,,,,,,,,,,,,,,,,,,,,,,,,,,,,,,,,,,,,,,,,,,,,,,,,,,,,,,,,
Post-demographic dividend,PST,Poverty headcount ratio at $2.15 a day (2017 PPP) (% of population),SI.POV.DDAY,,,,,,,,,,,,,,,,,,,,,,,,,,,,,,,,,,,,,,,,,,,,,,,,,,,,,,,,,,,,,,
French Polynesia,PYF,Poverty headcount ratio at $2.15 a day (2017 PPP) (% of population),SI.POV.DDAY,,,,,,,,,,,,,,,,,,,,,,,,,,,,,,,,,,,,,,,,,,,,,,,,,,,,,,,,,,,,,,
Qatar,QAT,Poverty headcount ratio at $2.15 a day (2017 PPP) (% of population),SI.POV.DDAY,,,,,,,,,,,,,,,,,,,,,,,,,,,,,,,,,,,,,,,,,,,,,,,,,,,,,,,,,,,,,,
Romania,ROU,Poverty headcount ratio at $2.15 a day (2017 PPP) (% of population),SI.POV.DDAY,,,,,,,,,,,,,,,,,,,,,,,,,,,,,,,,,,,,,,,,,,,,,,,7.4,5.3,4.1,3.1,4.2,5.4,6.2,6.6,7,5.3,3.2,3.3,2.7,2.2,1.4,
Russian Federation,RUS,Poverty headcount ratio at $2.15 a day (2017 PPP) (% of population),SI.POV.DDAY,,,,,,,,,,,,,,,,,,,,,,,,,,,,,,,,,,,,,,1.5,2.3,4.4,3,1.8,1,1.1,1,0.8,0.4,0.2,0.1,0.1,0.1,0,0,0,0,0,0,0,0,0,0,
Rwanda,RWA,Poverty headcount ratio at $2.15 a day (2017 PPP) (% of population),SI.POV.DDAY,,,,,,,,,,,,,,,,,,,,,,,,,,,,,,,,,,,,,,,,,75.2,,,,,66.1,,,,,59.2,,,53.7,,,52,,,,,
South Asia,SAS,Poverty headcount ratio at $2.15 a day (2017 PPP) (% of population),SI.POV.DDAY,,,,,,,,,,,,,,,,,,,,,,58,57.7,56,54.4,53.1,52.3,51.8,50.5,50,49.8,49,47.2,46.3,45.3,43.3,41.9,,,,,,39.8,38.6,36.8,34.9,33.5,31.7,30.3,29.2,26,21.4,19.6,18.9,17.9,16.6,15.8,12.7,10.1,8.6,,
Saudi Arabia,SAU,Poverty headcount ratio at $2.15 a day (2017 PPP) (% of population),SI.POV.DDAY,,,,,,,,,,,,,,,,,,,,,,,,,,,,,,,,,,,,,,,,,,,,,,,,,,,,,,,,,,,,,,
Sudan,SDN,Poverty headcount ratio at $2.15 a day (2017 PPP) (% of population),SI.POV.DDAY,,,,,,,,,,,,,,,,,,,,,,,,,,,,,,,,,,,,,,,,,,,,,,,,,,18.6,,,,,15.3,,,,,,,
Senegal,SEN,Poverty headcount ratio at $2.15 a day (2017 PPP) (% of population),SI.POV.DDAY,,,,,,,,,,,,,,,,,,,,,,,,,,,,,,,,70.1,,,60.3,,,,,,,52.4,,,,41.1,,,,,,41,,,,,,,9.3,,,
Singapore,SGP,Poverty headcount ratio at $2.15 a day (2017 PPP) (% of population),SI.POV.DDAY,,,,,,,,,,,,,,,,,,,,,,,,,,,,,,,,,,,,,,,,,,,,,,,,,,,,,,,,,,,,,,
Solomon Islands,SLB,Poverty headcount ratio at $2.15 a day (2017 PPP) (% of population),SI.POV.DDAY,,,,,,,,,,,,,,,,,,,,,,,,,,,,,,,,,,,,,,,,,,,,,,50.6,,,,,,,26.6,,,,,,,,,
Sierra Leone,SLE,Poverty headcount ratio at $2.15 a day (2017 PPP) (% of population),SI.POV.DDAY,,,,,,,,,,,,,,,,,,,,,,,,,,,,,,67.1,,,,,,,,,,,,,,61.3,,,,,,,,38.7,,,,,,,26.1,,,
El Salvador,SLV,Poverty headcount ratio at $2.15 a day (2017 PPP) (% of population),SI.POV.DDAY,,,,,,,,,,,,,,,,,,,,,,,,,,,,,,18.9,,22.1,,,,13.3,15.3,,21,17.3,12.9,14.1,14.7,15.8,11.5,11.3,7.7,5.1,7.7,7.4,6.3,5.3,4.6,3.6,3.4,2.3,2.6,2.2,1.8,1.4,,3.6
San Marino,SMR,Poverty headcount ratio at $2.15 a day (2017 PPP) (% of population),SI.POV.DDAY,,,,,,,,,,,,,,,,,,,,,,,,,,,,,,,,,,,,,,,,,,,,,,,,,,,,,,,,,,,,,,
Somalia,SOM,Poverty headcount ratio at $2.15 a day (2017 PPP) (% of population),SI.POV.DDAY,,,,,,,,,,,,,,,,,,,,,,,,,,,,,,,,,,,,,,,,,,,,,,,,,,,,,,,,,,,,,,
Serbia,SRB,Poverty headcount ratio at $2.15 a day (2017 PPP) (% of population),SI.POV.DDAY,,,,,,,,,,,,,,,,,,,,,,,,,,,,,,,,,,,,,,,,,,,,,,,,,,,,,5.3,5.8,6.9,6.6,6.4,5.4,2.9,2.3,1.6,
Sub-Saharan Africa (excluding high income),SSA,Poverty headcount ratio at $2.15 a day (2017 PPP) (% of population),SI.POV.DDAY,,,,,,,,,,,,,,,,,,,,,,,,,,,,,,,,,,,,,,,,,,,,,,,,,,,,,,,,,,,,,,
South Sudan,SSD,Poverty headcount ratio at $2.15 a day (2017 PPP) (% of population),SI.POV.DDAY,,,,,,,,,,,,,,,,,,,,,,,,,,,,,,,,,,,,,,,,,,,,,,,,,,34.5,,,,,,,67.3,,,,,
Sub-Saharan Africa,SSF,Poverty headcount ratio at $2.15 a day (2017 PPP) (% of population),SI.POV.DDAY,,,,,,,,,,,,,,,,,,,,,,,,,,,,,,,53.8,55.7,57,58.6,59.1,58.5,57.6,57.2,57.1,56.9,56.5,55.5,54.7,53.4,50.6,48.8,47.4,46,44.6,44.1,42.2,41,39.9,38.7,37.6,37.7,37.2,36.4,35.4,34.9,,
Small states,SST,Poverty headcount ratio at $2.15 a day (2017 PPP) (% of population),SI.POV.DDAY,,,,,,,,,,,,,,,,,,,,,,,,,,,,,,,,,,,,,,,,,,,,,,,,,,,,,,,,,,,,,,
Sao Tome and Principe,STP,Poverty headcount ratio at $2.15 a day (2017 PPP) (% of population),SI.POV.DDAY,,,,,,,,,,,,,,,,,,,,,,,,,,,,,,,,,,,,,,,,,20.4,,,,,,,,,,22.6,,,,,,,15.6,,,,
Suriname,SUR,Poverty headcount ratio at $2.15 a day (2017 PPP) (% of population),SI.POV.DDAY,,,,,,,,,,,,,,,,,,,,,,,,,,,,,,,,,,,,,,,,18.4,,,,,,,,,,,,,,,,,,,,,,
Slovak Republic,SVK,Poverty headcount ratio at $2.15 a day (2017 PPP) (% of population),SI.POV.DDAY,,,,,,,,,,,,,,,,,,,,,,,,,,,,,,,,,,,,,,,,,,,,,0.1,0.2,0.2,0.4,0.4,0.4,0.5,0.4,0.4,0.3,0.7,0.7,1.4,0.2,0.2,0.1,,
Slovenia,SVN,Poverty headcount ratio at $2.15 a day (2017 PPP) (% of population),SI.POV.DDAY,,,,,,,,,,,,,,,,,,,,,,,,,,,,,,,,,,,,,,,,,,,,,0,0.1,0.1,0,0,0,0,0,0,0,0,0,0,0,0,0,0,
Sweden,SWE,Poverty headcount ratio at $2.15 a day (2017 PPP) (% of population),SI.POV.DDAY,,,,,,,,,,,,,,,,0.5,,,,,,0.2,,,,,,0.2,,,,,0.2,,,0.2,,,,,0,,,0.3,0.4,1.1,0.4,0.4,0.6,0.5,0.5,0.6,0.5,0.7,0.5,0.6,0.3,0.2,0.7,0.3,0.4,
Eswatini,SWZ,Poverty headcount ratio at $2.15 a day (2017 PPP) (% of population),SI.POV.DDAY,,,,,,,,,,,,,,,,,,,,,,,,,,,,,,,,,,,85.4,,,,,,56.1,,,,,,,,,49.3,,,,,,,36.1,,,,,
Sint Maarten (Dutch part),SXM,Poverty headcount ratio at $2.15 a day (2017 PPP) (% of population),SI.POV.DDAY,,,,,,,,,,,,,,,,,,,,,,,,,,,,,,,,,,,,,,,,,,,,,,,,,,,,,,,,,,,,,,
Seychelles,SYC,Poverty headcount ratio at $2.15 a day (2017 PPP) (% of population),SI.POV.DDAY,,,,,,,,,,,,,,,,,,,,,,,,,,,,,,,,,,,,,,,,,,,,,,,,,,,,,,1.2,,,,,0.5,,,
Syrian Arab Republic,SYR,Poverty headcount ratio at $2.15 a day (2017 PPP) (% of population),SI.POV.DDAY,,,,,,,,,,,,,,,,,,,,,,,,,,,,,,,,,,,,,2.5,,,,,,,1.1,,,,,,,,,,,,,,,,,,
Turks and Caicos Islands,TCA,Poverty headcount ratio at $2.15 a day (2017 PPP) (% of population),SI.POV.DDAY,,,,,,,,,,,,,,,,,,,,,,,,,,,,,,,,,,,,,,,,,,,,,,,,,,,,,,,,,,,,,,
Chad,TCD,Poverty headcount ratio at $2.15 a day (2017 PPP) (% of population),SI.POV.DDAY,,,,,,,,,,,,,,,,,,,,,,,,,,,,,,,,,,,,,,,,,,,,57.8,,,,,,,,36.6,,,,,,,30.9,,,
East Asia & Pacific (IDA & IBRD countries),TEA,Poverty headcount ratio at $2.15 a day (2017 PPP) (% of population),SI.POV.DDAY,,,,,,,,,,,,,,,,,,,,,,,,,,,,,,,,,,,,,,,,,,,,,,,,,,,,,,,,,,,,,,
Europe & Central Asia (IDA & IBRD countries),TEC,Poverty headcount ratio at $2.15 a day (2017 PPP) (% of population),SI.POV.DDAY,,,,,,,,,,,,,,,,,,,,,,,,,,,,,,,,,,,,,,,,,,,,,,,,,,,,,,,,,,,,,,
Togo,TGO,Poverty headcount ratio at $2.15 a day (2017 PPP) (% of population),SI.POV.DDAY,,,,,,,,,,,,,,,,,,,,,,,,,,,,,,,,,,,,,,,,,,,,,,,61,,,,,58.9,,,,54.7,,,28.1,,,
Thailand,THA,Poverty headcount ratio at $2.15 a day (2017 PPP) (% of population),SI.POV.DDAY,,,,,,,,,,,,,,,,,,,,,,22.7,,,,,,,18,,12.3,,9,,4.5,,3.1,,2.2,4,4,,1.8,,1.2,,0.9,0.5,0.3,0.2,0.3,0.1,0.1,0.1,0.1,0,0,0,0,0.1,0,0
Tajikistan,TJK,Poverty headcount ratio at $2.15 a day (2017 PPP) (% of population),SI.POV.DDAY,,,,,,,,,,,,,,,,,,,,,,,,,,,,,,,,,,,,,,,,62,,,,36.7,21.4,,,12.8,,6.8,,,,,,6.1,,,,,,
Turkmenistan,TKM,Poverty headcount ratio at $2.15 a day (2017 PPP) (% of population),SI.POV.DDAY,,,,,,,,,,,,,,,,,,,,,,,,,,,,,,,,,,,,,,,43.1,,,,,,,,,,,,,,,,,,,,,,,
Latin America & the Caribbean (IDA & IBRD countries),TLA,Poverty headcount ratio at $2.15 a day (2017 PPP) (% of population),SI.POV.DDAY,,,,,,,,,,,,,,,,,,,,,,,,,,,,,,,,,,,,,,,,,,,,,,,,,,,,,,,,,,,,,,
Timor-Leste,TLS,Poverty headcount ratio at $2.15 a day (2017 PPP) (% of population),SI.POV.DDAY,,,,,,,,,,,,,,,,,,,,,,,,,,,,,,,,,,,,,,,,,,40.9,,,,,,40.9,,,,,,,24.4,,,,,,,
Middle East & North Africa (IDA & IBRD countries),TMN,Poverty headcount ratio at $2.15 a day (2017 PPP) (% of population),SI.POV.DDAY,,,,,,,,,,,,,,,,,,,,,,,,,,,,,,,,,,,,,,,,,,,,,,,,,,,,,,,,,,,,,,
Tonga,TON,Poverty headcount ratio at $2.15 a day (2017 PPP) (% of population),SI.POV.DDAY,,,,,,,,,,,,,,,,,,,,,,,,,,,,,,,,,,,,,,,,,3.1,,,,,,,,,1.3,,,,,,1.8,,,,,,
South Asia (IDA & IBRD),TSA,Poverty headcount ratio at $2.15 a day (2017 PPP) (% of population),SI.POV.DDAY,,,,,,,,,,,,,,,,,,,,,,,,,,,,,,,,,,,,,,,,,,,,,,,,,,,,,,,,,,,,,,
Sub-Saharan Africa (IDA & IBRD countries),TSS,Poverty headcount ratio at $2.15 a day (2017 PPP) (% of population),SI.POV.DDAY,,,,,,,,,,,,,,,,,,,,,,,,,,,,,,,,,,,,,,,,,,,,,,,,,,,,,,,,,,,,,,
Trinidad and Tobago,TTO,Poverty headcount ratio at $2.15 a day (2017 PPP) (% of population),SI.POV.DDAY,,,,,,,,,,,,,,,,,,,,,,,,,,,,,0,,,,2.1,,,,,,,,,,,,,,,,,,,,,,,,,,,,,
Tunisia,TUN,Poverty headcount ratio at $2.15 a day (2017 PPP) (% of population),SI.POV.DDAY,,,,,,,,,,,,,,,,,,,,,,,,,,12.3,,,,,8.6,,,,,9.5,,,,,4.4,,,,,2.6,,,,,1.5,,,,,0.1,,,,,,
Turkiye,TUR,Poverty headcount ratio at $2.15 a day (2017 PPP) (% of population),SI.POV.DDAY,,,,,,,,,,,,,,,,,,,,,,,,,,,,2.2,,,,,,,3,,,,,,,,2.1,3.9,2,2.3,1.8,1.3,0.6,0.7,0.8,0.1,0.1,0.3,0.2,0.2,0.2,0.1,0,0.4,,
Tuvalu,TUV,Poverty headcount ratio at $2.15 a day (2017 PPP) (% of population),SI.POV.DDAY,,,,,,,,,,,,,,,,,,,,,,,,,,,,,,,,,,,,,,,,,,,,,,,,,,,3.6,,,,,,,,,,,
Tanzania,TZA,Poverty headcount ratio at $2.15 a day (2017 PPP) (% of population),SI.POV.DDAY,,,,,,,,,,,,,,,,,,,,,,,,,,,,,,,,69.3,,,,,,,,,84,,,,,,,56.2,,,,44.7,,,,,,,44.9,,,
Uganda,UGA,Poverty headcount ratio at $2.15 a day (2017 PPP) (% of population),SI.POV.DDAY,,,,,,,,,,,,,,,,,,,,,,,,,,,,,,59.4,,,65.9,,,,64.9,,,68.7,,,66.7,,,58,,,,46.7,,,37.5,,,,42.7,,,42.2,,
Ukraine,UKR,Poverty headcount ratio at $2.15 a day (2017 PPP) (% of population),SI.POV.DDAY,,,,,,,,,,,,,,,,,,,,,,,,,,,,,,,,,3.9,1.9,,7.1,7.2,,,,,,2.7,1.1,0.9,0.4,0.2,0.1,0,0.1,0,0,0.1,0,0,0.1,0.1,0,0,0,0,
Upper middle income,UMC,Poverty headcount ratio at $2.15 a day (2017 PPP) (% of population),SI.POV.DDAY,,,,,,,,,,,,,,,,,,,,,,59.2,58,56.7,53.3,49.9,46.6,44.2,40.4,47.9,47.1,45.9,43.9,41.8,38.4,36,33.2,32.6,32.1,31.7,28.9,27.3,25,22.6,19.4,15.8,14.5,13.2,12.4,11.2,9.8,7.5,6.4,3,2.5,2,1.9,1.8,1.6,1.5,,
Uruguay,URY,Poverty headcount ratio at $2.15 a day (2017 PPP) (% of population),SI.POV.DDAY,,,,,,,,,,,,,,,,,,,,,,,,,,,,,,,,,,,,,,,,,,,,,,,0.6,0.4,0.2,0.3,0.2,0.1,0.2,0.2,0.2,0.1,0.1,0.1,0.1,0.1,0.2,0.1
United States,USA,Poverty headcount ratio at $2.15 a day (2017 PPP) (% of population),SI.POV.DDAY,,,,,,,,,,,,,,,0.7,,,,,0.7,0.5,0.5,0.7,0.7,0.5,0.5,0.5,0.5,0.5,0.5,0.5,0.5,0.5,0.5,0.5,0.5,0.7,0.7,0.7,0.7,0.7,0.7,0.7,1,1,1,1,1,1,1,1,1,1,1,1.2,1.2,1,1.2,1,1,0.2,
Uzbekistan,UZB,Poverty headcount ratio at $2.15 a day (2017 PPP) (% of population),SI.POV.DDAY,,,,,,,,,,,,,,,,,,,,,,,,,,,,,,,,,,,,,,,58.8,,81.3,,80.5,81.5,,,,,,,,,,,,,,,,,,
St. Vincent and the Grenadines,VCT,Poverty headcount ratio at $2.15 a day (2017 PPP) (% of population),SI.POV.DDAY,,,,,,,,,,,,,,,,,,,,,,,,,,,,,,,,,,,,,,,,,,,,,,,,,,,,,,,,,,,,,,
"Venezuela, RB",VEN,Poverty headcount ratio at $2.15 a day (2017 PPP) (% of population),SI.POV.DDAY,,,,,,,,,,,,,,,,,,,,,,6.7,,,,,,7,,5.3,,,4.5,,,9.9,,,10.4,11.8,,10.3,16.4,19.7,16.6,14.4,7.1,,,,,,,,,,,,,,,
British Virgin Islands,VGB,Poverty headcount ratio at $2.15 a day (2017 PPP) (% of population),SI.POV.DDAY,,,,,,,,,,,,,,,,,,,,,,,,,,,,,,,,,,,,,,,,,,,,,,,,,,,,,,,,,,,,,,
Virgin Islands (U.S.),VIR,Poverty headcount ratio at $2.15 a day (2017 PPP) (% of population),SI.POV.DDAY,,,,,,,,,,,,,,,,,,,,,,,,,,,,,,,,,,,,,,,,,,,,,,,,,,,,,,,,,,,,,,
Vietnam,VNM,Poverty headcount ratio at $2.15 a day (2017 PPP) (% of population),SI.POV.DDAY,,,,,,,,,,,,,,,,,,,,,,,,,,,,,,,,,45.1,,,,,24.4,,,,,29.9,,20.1,,14.9,,11.1,,2.9,,1.7,,1.9,,1.3,,1.2,,0.7,
Vanuatu,VUT,Poverty headcount ratio at $2.15 a day (2017 PPP) (% of population),SI.POV.DDAY,,,,,,,,,,,,,,,,,,,,,,,,,,,,,,,,,,,,,,,,,,,,,,,,,,,14.7,,,,,,,,,10,,
World,WLD,Poverty headcount ratio at $2.15 a day (2017 PPP) (% of population),SI.POV.DDAY,,,,,,,,,,,,,,,,,,,,,,43.6,43.2,42.5,41.1,39.7,38.4,37.4,35.7,38.4,37.9,37.4,36.5,35.7,34.3,32.8,31.3,31.1,31.3,30.4,29.3,28.3,26.9,25.6,23.7,21.7,20.9,19.6,18.8,17.9,16.3,14.2,13.2,11.7,11.2,10.8,10.5,9.7,9,8.5,,
Samoa,WSM,Poverty headcount ratio at $2.15 a day (2017 PPP) (% of population),SI.POV.DDAY,,,,,,,,,,,,,,,,,,,,,,,,,,,,,,,,,,,,,,,,,,,2.2,,,,,,1.1,,,,,1.2,,,,,,,,
Kosovo,XKX,Poverty headcount ratio at $2.15 a day (2017 PPP) (% of population),SI.POV.DDAY,,,,,,,,,,,,,,,,,,,,,,,,,,,,,,,,,,,,,,,,,,,,2.4,,4.2,4.1,,,3.4,2.9,1.9,0.8,0.4,1.1,0.8,0.8,0.4,,,,
"Yemen, Rep.",YEM,Poverty headcount ratio at $2.15 a day (2017 PPP) (% of population),SI.POV.DDAY,,,,,,,,,,,,,,,,,,,,,,,,,,,,,,,,,,,,,,,8.1,,,,,,,10.5,,,,,,,,,19.8,,,,,,,
South Africa,ZAF,Poverty headcount ratio at $2.15 a day (2017 PPP) (% of population),SI.POV.DDAY,,,,,,,,,,,,,,,,,,,,,,,,,,,,,,,,,,33.5,,,,,,,36.8,,,,,28.3,,,18.7,,18,,,,20.5,,,,,,,
Zambia,ZMB,Poverty headcount ratio at $2.15 a day (2017 PPP) (% of population),SI.POV.DDAY,,,,,,,,,,,,,,,,,,,,,,,,,,,,,,,,57.4,,59.1,,,46.8,,47.2,,,,56.4,,61.1,,64.7,,,,68.5,,,,,61.4,,,,,,
Zimbabwe,ZWE,Poverty headcount ratio at $2.15 a day (2017 PPP) (% of population),SI.POV.DDAY,,,,,,,,,,,,,,,,,,,,,,,,,,,,,,,,,,,,,,,,,,,,,,,,,,,,21.6,,,,,,34.2,,39.8,,
